ano,rodada,time_id,pontos;;;;
2026,2,1,87.63;;;;
2026,2,2,90.13;;;;
2026,2,3,68.43;;;;
2026,2,4,69.73;;;;
2026,2,5,68.65;;;;
2026,2,6,80.33;;;;
2026,2,7,65.45;;;;
2026,2,8,79.33;;;;
2026,2,9,73.25;;;;
2026,2,10,69.15;;;;
2026,2,11,72.25;;;;
2026,2,12,72.75;;;;
2026,2,13,93.55;;;;
2026,2,14,70.45;;;;
2026,2,15,70.25;;;;
2026,2,16,66.75;;;;
2026,2,17,84.83;;;;
2026,2,18,84.95;;;;
2026,2,19,69.75;;;;
2026,2,20,53.25;;;;
2026,2,21,73.15;;;;
2026,2,22,47.95;;;;
2026,2,23,76.45;;;;
2026,2,24,81.05;;;;
2026,2,25,70.09;;;;
2026,2,26,88.23;;;;
2026,2,27,68.93;;;;
2026,2,28,76.63;;;;
2026,2,29,79.25;;;;
2026,2,30,80.29;;;;
2026,2,31,64.25;;;;
2026,2,32,68.85;;;;
2026,2,33,79.15;;;;
2026,2,34,65.55;;;;
2026,2,35,61.05;;;;
2026,2,36,61.05;;;;
2026,2,37,64.95;;;;
2026,2,38,60.73;;;;
2026,2,39,89.33;;;;
2026,2,40,85.13;;;;
2026,2,41,74.05;;;;
2026,2,42,52.05;;;;
2026,2,43,80.35;;;;
2026,2,44,81.65;;;;
2026,2,45,95.53;;;;
2026,2,46,68.15;;;;
2026,2,47,68.15;;;;
2026,2,48,73.35;;;;
2026,2,49,92.23;;;;
2026,2,50,72.75;;;;
2026,2,51,70.25;;;;
2026,2,52,66.56;;;;
2026,2,53,44.25;;;;
2026,2,54,80.96;;;;
2026,2,55,102.55;;;;
2026,2,56,95.19;;;;
2026,2,57,85.35;;;;
2026,2,58,71.95;;;;
2026,2,59,73.15;;;;
